{
  "ok": true,
  "result": [
    {
      "update_id": 917237902,
      "message": {
        "message_id": 17,
        "from": {
          "id": 1214514390,
          "is_bot": false,
          "first_name": "Sumitava",
          "last_name": "Aich",
          "language_code": "en"
        },
        "chat": {
          "id": 1214514390,
          "first_name": "Sumitava",
          "last_name": "Aich",
          "type": "private"
        },
        "date": 1587399056,
        "text": "Update 1"
      }
    },
    {
      "update_id": 917237903,
      "message": {
        "message_id": 18,
        "from": {
          "id": 1214514390,
          "is_bot": false,
          "first_name": "Sumitava",
          "last_name": "Aich",
          "language_code": "en"
        },
        "chat": {
          "id": 1214514390,
          "first_name": "Sumitava",
          "last_name": "Aich",
          "type": "private"
        },
        "date": 1587399059,
        "text": "Update 2"
      }
    },
    {
      "update_id": 917237904,
      "message": {
        "message_id": 19,
        "from": {
          "id": 1214514390,
          "is_bot": false,
          "first_name": "Sumitava",
          "last_name": "Aich",
          "language_code": "en"
        },
        "chat": {
          "id": 1214514390,
          "first_name": "Sumitava",
          "last_name": "Aich",
          "type": "private"
        },
        "date": 1587399788,
        "photo": [
          {
            "file_id": "AgACAgUAAxkBAAMTXp3MbCh7ssaQcZI02nPX_tcdAxYAAmysMRsaO_FU4fNooRldB096_21qdAADAQADAgADbQAD1O8CAAEYBA",
            "file_unique_id": "AQADev9tanQAA9TvAgAB",
            "file_size": 19020,
            "width": 160,
            "height": 320
          },
          {
            "file_id": "AgACAgUAAxkBAAMTXp3MbCh7ssaQcZI02nPX_tcdAxYAAmysMRsaO_FU4fNooRldB096_21qdAADAQADAgADeAAD1e8CAAEYBA",
            "file_unique_id": "AQADev9tanQAA9XvAgAB",
            "file_size": 81732,
            "width": 400,
            "height": 800
          },
          {
            "file_id": "AgACAgUAAxkBAAMTXp3MbCh7ssaQcZI02nPX_tcdAxYAAmysMRsaO_FU4fNooRldB096_21qdAADAQADAgADeQAD0u8CAAEYBA",
            "file_unique_id": "AQADev9tanQAA9LvAgAB",
            "file_size": 106965,
            "width": 540,
            "height": 1080
          }
        ]
      }
    }
  ]
}
